Type,Name,Request Count,Failure Count,Median Response Time,Average Response Time,Min Response Time,Max Response Time,Average Content Size,Requests/s,Failures/s,50%,66%,75%,80%,90%,95%,98%,99%,99.9%,99.99%,100%
GET,/api/v1/item,131,0,2078.215999994427,2052.977190076934,2036.6757000010693,2078.215999994427,36.0,2.18366032066156,0.0,2100,2100,2100,2100,2100,2100,2100,2100,2100,2100,2100
POST,/api/v1/item,127,0,2100.0,2053.785608661215,2038.693599999533,2100.395800007391,36.0,2.1169836696489934,0.0,2100,2100,2100,2100,2100,2100,2100,2100,2100,2100,2100
GET,/api/v1/resource,137,0,2100.0,2053.6005635035012,2030.222200002754,2150.6572000071174,40.0,2.28367529718041,0.0,2100,2100,2100,2100,2100,2100,2100,2100,2200,2200,2200
POST,/api/v1/resource,95,0,2073.1009999872185,2053.7574547373592,2033.6628999939421,2073.1009999872185,40.0,1.5835704615484596,0.0,2100,2100,2100,2100,2100,2100,2100,2100,2100,2100,2100
GET,/api/v1/user,178,0,2100.0,2052.7371567417445,2031.4107999874977,2119.524800000363,36.0,2.9671109700592186,0.0,2100,2100,2100,2100,2100,2100,2100,2100,2100,2100,2100
POST,/api/v1/user,170,0,2076.7777000000933,2052.96417352853,2034.919900004752,2076.7777000000933,36.0,2.8337576680340852,0.0,2100,2100,2100,2100,2100,2100,2100,2100,2100,2100,2100
,Aggregated,838,0,2100.0,2053.236447493988,2030.222200002754,2150.6572000071174,37.10739856801909,13.968758387132727,0.0,2100,2100,2100,2100,2100,2100,2100,2100,2200,2200,2200
