Type,Name,Request Count,Failure Count,Median Response Time,Average Response Time,Min Response Time,Max Response Time,Average Content Size,Requests/s,Failures/s,50%,66%,75%,80%,90%,95%,98%,99%,99.9%,99.99%,100%
GET,/api/v1/item,137,0,2100.0,2052.3230941612683,2027.8228000097442,2110.048199989251,36.0,2.286839985168921,0.0,2100,2100,2100,2100,2100,2100,2100,2100,2100,2100,2100
POST,/api/v1/item,112,0,2076.161200006027,2051.9417919639245,2031.672700002673,2076.161200006027,36.0,1.8695334185322565,0.0,2100,2100,2100,2100,2100,2100,2100,2100,2100,2100,2100
GET,/api/v1/resource,146,0,2100.0,2051.2055534242904,2032.3123000125634,2140.481800000998,40.0,2.43707034915812,0.0,2100,2100,2100,2100,2100,2100,2100,2100,2100,2100,2100
POST,/api/v1/resource,176,0,2076.2221999902977,2051.2740107957475,2032.614099996863,2076.2221999902977,40.0,2.9378382291221175,0.0,2100,2100,2100,2100,2100,2100,2100,2100,2100,2100,2100
GET,/api/v1/user,111,0,2100.0,2054.0020756751483,2025.7650000130525,2133.2747000124073,36.0,1.85284115586679,0.0,2100,2100,2100,2100,2100,2100,2100,2100,2100,2100,2100
POST,/api/v1/user,157,0,2073.576700000558,2051.6142802547283,2030.710299994098,2073.576700000558,36.0,2.6206852384782526,0.0,2100,2100,2100,2100,2100,2100,2100,2100,2100,2100,2100
,Aggregated,839,0,2100.0,2051.947143861723,2025.7650000130525,2140.481800000998,37.535160905840286,14.004808376326459,0.0,2100,2100,2100,2100,2100,2100,2100,2100,2100,2100,2100
